name,Remedies,Amazaon Links
Bacterial_leaf_blight,"1.Streptomycin sulphate 2.etracycline combination 300 g 3.Copper oxychloride 1.25kg/ha
",https://farmmate.in/products/tagmycin?variant=41889835319467&currency=INR&utm_medium=product_sync&utm_source=google&utm_content=sag_organic&utm_campaign=sag_organic&gad_source=4&gclid=CjwKCAiA2pyuBhBKEiwApLaIOwDyV0tBKxNvFEfYrHRTVhw65LsHqIl4en-QZ2DHRr5aZ8PU8MwHmhoChPUQAvD_BwE
Brown_spot,"1. Streptomycin sulphate 2.Tetracycline combination 300 g 3.Copper oxychloride 1.25kg/ha
",https://farmmate.in/products/tagmycin?variant=41889835319467&currency=INR&utm_medium=product_sync&utm_source=google&utm_content=sag_organic&utm_campaign=sag_organic&gad_source=4&gclid=CjwKCAiA2pyuBhBKEiwApLaIOwDyV0tBKxNvFEfYrHRTVhw65LsHqIl4en-QZ2DHRr5aZ8PU8MwHmhoChPUQAvD_BwE
Leaf_smut,"1.copper oxychloride at 2.5 g/litre 2.Propiconazole at 1.0 ml/litre at boot leaf.
",https://krushidukan.bharatagri.com/en/products/tata-rallis-blitox-copper-oxychloride-50-wp?variant=43799322657011&currency=INR&utm_source=google&utm_medium=organic&utm_campaign=Primary%20Feed%20English&utm_content=%E0%A4%9F%E0%A4%BE%E0%A4%9F%E0%A4%BE%20%E0%A4%AC%E0%A5%8D%E0%A4%B2%E0%A4%BF%E0%A4%9F%E0%A5%89%E0%A4%95%E0%A5%8D%E0%A4%B8%20%E0%A4%AB%E0%A4%AB%E0%A5%82%E0%A4%82%E0%A4%A6%E0%A4%A8%E0%A4%BE%E0%A4%B6%E0%A5%80%20(%E0%A4%95%E0%A5%89%E0%A4%AA%E0%A4%B0%20%E0%A4%91%E0%A4%95%E0%A5%8D%E0%A4%B8%E0%A5%80%E0%A4%95%E0%A5%8D%E0%A4%B2%E0%A5%8B%E0%A4%B0%E0%A4%BE%E0%A4%87%E0%A4%A1%2050%25%20WP)&gad_source=4&gclid=CjwKCAiA2pyuBhBKEiwApLaIO8iXHQZq4gt-xaCKkJImsRJQox2mRqFn8CMXZBAGSwnlsWD-PqJQuhoCDsMQAvD_BwE
